<?xml version="1.0" encoding="ISO-8859-1"?>

<history configuration="config\auction2.xml">
	<agents>
		<agent name="auction-marginal">
			<vehicle name="Vehicle 1"/>
			<vehicle name="Vehicle 2"/>
		</agent>
		<agent name="auction-main-21">
			<vehicle name="Vehicle 3"/>
			<vehicle name="Vehicle 4"/>
		</agent>
	</agents>
	<rounds>
		<round id="1">
			<tasks>
				<task id="0" pickup="Breda" delivery="Almere" weight="27" reward="62791">
					<bid agent="auction-marginal" bid="895"/>
					<bid agent="auction-main-21" bid="655"/>
				</task>
				<task id="1" pickup="Den Haag" delivery="Groningen" weight="19" reward="8119">
					<bid agent="auction-marginal" bid="1581"/>
					<bid agent="auction-main-21" bid="656"/>
				</task>
				<task id="2" pickup="Apeldoorn" delivery="Den Haag" weight="26" reward="47362">
					<bid agent="auction-marginal" bid="1224"/>
					<bid agent="auction-main-21" bid="658"/>
				</task>
				<task id="3" pickup="Utrecht" delivery="Groningen" weight="12" reward="30020">
					<bid agent="auction-marginal" bid="1214"/>
					<bid agent="auction-main-21" bid="660"/>
				</task>
				<task id="4" pickup="Utrecht" delivery="Amsterdam" weight="24" reward="91775">
					<bid agent="auction-marginal" bid="456"/>
					<bid agent="auction-main-21" bid="681"/>
				</task>
				<task id="5" pickup="Nijmegen" delivery="Groningen" weight="26" reward="29695">
					<bid agent="auction-marginal" bid="1341"/>
					<bid agent="auction-main-21" bid="753"/>
				</task>
				<task id="6" pickup="Almere" delivery="Utrecht" weight="26" reward="92712">
					<bid agent="auction-marginal" bid="376"/>
					<bid agent="auction-main-21" bid="656"/>
				</task>
				<task id="7" pickup="Den Haag" delivery="Nijmegen" weight="28" reward="54405">
					<bid agent="auction-marginal" bid="785"/>
					<bid agent="auction-main-21" bid="673"/>
				</task>
				<task id="8" pickup="Apeldoorn" delivery="Almere" weight="21" reward="77731">
					<bid agent="auction-marginal" bid="439"/>
					<bid agent="auction-main-21" bid="731"/>
				</task>
				<task id="9" pickup="Apeldoorn" delivery="Den Haag" weight="26" reward="47362">
					<bid agent="auction-marginal" bid="326"/>
					<bid agent="auction-main-21" bid="644"/>
				</task>
				<task id="10" pickup="Almere" delivery="Eindhoven" weight="12" reward="55300">
					<bid agent="auction-marginal" bid="789"/>
					<bid agent="auction-main-21" bid="567"/>
				</task>
				<task id="11" pickup="Breda" delivery="Nijmegen" weight="11" reward="71177">
					<bid agent="auction-marginal" bid="792"/>
					<bid agent="auction-main-21" bid="740"/>
				</task>
				<task id="12" pickup="Rotterdam" delivery="Almere" weight="22" reward="67350">
					<bid agent="auction-marginal" bid="655"/>
					<bid agent="auction-main-21" bid="490"/>
				</task>
				<task id="13" pickup="Den Haag" delivery="Apeldoorn" weight="17" reward="47362">
					<bid agent="auction-marginal" bid="773"/>
					<bid agent="auction-main-21" bid="462"/>
				</task>
				<task id="14" pickup="Eindhoven" delivery="Nijmegen" weight="28" reward="81761">
					<bid agent="auction-marginal" bid="515"/>
					<bid agent="auction-main-21" bid="595"/>
				</task>
			</tasks>
			<events>
				<event id="0" time="0" vehicle="Vehicle 1" move="Almere"/>
				<event id="1" time="0" vehicle="Vehicle 2" pickup="14"/>
				<event id="2" time="0" vehicle="Vehicle 3" move="Rotterdam"/>
				<event id="3" time="282222222" vehicle="Vehicle 3" pickup="12"/>
				<event id="4" time="300000000" vehicle="Vehicle 2" move="Nijmegen"/>
				<event id="5" time="531666666" vehicle="Vehicle 1" pickup="6"/>
				<event id="6" time="582222222" vehicle="Vehicle 3" move="Breda"/>
				<event id="7" time="831666666" vehicle="Vehicle 1" move="Utrecht"/>
				<event id="8" time="1080000000" vehicle="Vehicle 2" deliver="14"/>
				<event id="9" time="1122222221" vehicle="Vehicle 3" pickup="11"/>
				<event id="10" time="1422222221" vehicle="Vehicle 3" pickup="0"/>
				<event id="11" time="1553333332" vehicle="Vehicle 1" pickup="4"/>
				<event id="12" time="1722222221" vehicle="Vehicle 3" move="Utrecht"/>
				<event id="13" time="1853333332" vehicle="Vehicle 1" deliver="6"/>
				<event id="14" time="2153333331" vehicle="Vehicle 1" move="Apeldoorn"/>
				<event id="15" time="2538888886" vehicle="Vehicle 3" move="Almere"/>
				<event id="16" time="3019999997" vehicle="Vehicle 3" pickup="10"/>
				<event id="17" time="3269999997" vehicle="Vehicle 1" pickup="8"/>
				<event id="18" time="3319999997" vehicle="Vehicle 3" deliver="12"/>
				<event id="19" time="3569999997" vehicle="Vehicle 1" pickup="9"/>
				<event id="20" time="3619999997" vehicle="Vehicle 3" deliver="0"/>
				<event id="21" time="3869999997" vehicle="Vehicle 1" move="Almere"/>
				<event id="22" time="3919999997" vehicle="Vehicle 3" move="Apeldoorn"/>
				<event id="23" time="4809999997" vehicle="Vehicle 3" pickup="2"/>
				<event id="24" time="5109999997" vehicle="Vehicle 3" move="Utrecht"/>
				<event id="25" time="5204999997" vehicle="Vehicle 1" deliver="8"/>
				<event id="26" time="5504999997" vehicle="Vehicle 1" move="Amsterdam"/>
				<event id="27" time="5854444441" vehicle="Vehicle 3" pickup="3"/>
				<event id="28" time="6036666663" vehicle="Vehicle 1" deliver="4"/>
				<event id="29" time="6154444440" vehicle="Vehicle 3" move="Rotterdam"/>
				<event id="30" time="6336666663" vehicle="Vehicle 1" move="Den Haag"/>
				<event id="31" time="6846666662" vehicle="Vehicle 3" move="Den Haag"/>
				<event id="32" time="7128888883" vehicle="Vehicle 3" pickup="13"/>
				<event id="33" time="7423333329" vehicle="Vehicle 1" deliver="9"/>
				<event id="34" time="7428888883" vehicle="Vehicle 3" deliver="2"/>
				<event id="35" time="7728888883" vehicle="Vehicle 3" pickup="7"/>
				<event id="36" time="8028888882" vehicle="Vehicle 3" move="Rotterdam"/>
				<event id="37" time="8311111104" vehicle="Vehicle 3" move="Breda"/>
				<event id="38" time="8851111104" vehicle="Vehicle 3" move="Eindhoven"/>
				<event id="39" time="9542222214" vehicle="Vehicle 3" deliver="10"/>
				<event id="40" time="9842222214" vehicle="Vehicle 3" move="Nijmegen"/>
				<event id="41" time="10622222213" vehicle="Vehicle 3" deliver="11"/>
				<event id="42" time="10922222213" vehicle="Vehicle 3" deliver="7"/>
				<event id="43" time="11222222212" vehicle="Vehicle 3" pickup="5"/>
				<event id="44" time="11522222212" vehicle="Vehicle 3" move="Rotterdam"/>
				<event id="45" time="12766666655" vehicle="Vehicle 3" move="Den Haag"/>
				<event id="46" time="13048888876" vehicle="Vehicle 3" pickup="1"/>
				<event id="47" time="13348888876" vehicle="Vehicle 3" move="Rotterdam"/>
				<event id="48" time="13631111098" vehicle="Vehicle 3" move="Utrecht"/>
				<event id="49" time="14323333319" vehicle="Vehicle 3" move="Apeldoorn"/>
				<event id="50" time="15067777762" vehicle="Vehicle 3" deliver="13"/>
				<event id="51" time="15367777762" vehicle="Vehicle 3" move="Groningen"/>
				<event id="52" time="16934444428" vehicle="Vehicle 3" deliver="1"/>
				<event id="53" time="17234444427" vehicle="Vehicle 3" deliver="3"/>
				<event id="54" time="17534444427" vehicle="Vehicle 3" deliver="5"/>
			</events>
		</round>
	</rounds>
	<statistics>
		<stat rank="1" agent="auction-main-21">
			<total-tasks value="10"/>
			<total-distance value="1065.1"/>
			<total-cost value="5326"/>
			<total-reward value="6314"/>
			<total-profit value="988"/>
		</stat>
		<stat rank="2" agent="auction-marginal">
			<total-tasks value="5"/>
			<total-distance value="389.6"/>
			<total-cost value="1948"/>
			<total-reward value="2112"/>
			<total-profit value="164"/>
		</stat>
	</statistics>
</history>
