<?xml version="1.0" encoding="ISO-8859-1"?>

<history configuration="config\auction2.xml">
	<agents>
		<agent name="auction-main-21">
			<vehicle name="Vehicle 1"/>
			<vehicle name="Vehicle 2"/>
		</agent>
		<agent name="auction-marginal">
			<vehicle name="Vehicle 3"/>
			<vehicle name="Vehicle 4"/>
		</agent>
	</agents>
	<rounds>
		<round id="1">
			<tasks>
				<task id="0" pickup="Breda" delivery="Almere" weight="27" reward="62791">
					<bid agent="auction-main-21" bid="779"/>
					<bid agent="auction-marginal" bid="954"/>
				</task>
				<task id="1" pickup="Den Haag" delivery="Groningen" weight="19" reward="8119">
					<bid agent="auction-main-21" bid="780"/>
					<bid agent="auction-marginal" bid="1255"/>
				</task>
				<task id="2" pickup="Apeldoorn" delivery="Den Haag" weight="26" reward="47362">
					<bid agent="auction-main-21" bid="782"/>
					<bid agent="auction-marginal" bid="773"/>
				</task>
				<task id="3" pickup="Utrecht" delivery="Groningen" weight="12" reward="30020">
					<bid agent="auction-main-21" bid="773"/>
					<bid agent="auction-marginal" bid="1255"/>
				</task>
				<task id="4" pickup="Utrecht" delivery="Amsterdam" weight="24" reward="91775">
					<bid agent="auction-main-21" bid="752"/>
					<bid agent="auction-marginal" bid="115"/>
				</task>
				<task id="5" pickup="Nijmegen" delivery="Groningen" weight="26" reward="29695">
					<bid agent="auction-main-21" bid="790"/>
					<bid agent="auction-marginal" bid="1522"/>
				</task>
				<task id="6" pickup="Almere" delivery="Utrecht" weight="26" reward="92712">
					<bid agent="auction-main-21" bid="653"/>
					<bid agent="auction-marginal" bid="282"/>
				</task>
				<task id="7" pickup="Den Haag" delivery="Nijmegen" weight="28" reward="54405">
					<bid agent="auction-main-21" bid="616"/>
					<bid agent="auction-marginal" bid="687"/>
				</task>
				<task id="8" pickup="Apeldoorn" delivery="Almere" weight="21" reward="77731">
					<bid agent="auction-main-21" bid="1076"/>
					<bid agent="auction-marginal" bid="0"/>
				</task>
				<task id="9" pickup="Apeldoorn" delivery="Den Haag" weight="26" reward="47362">
					<bid agent="auction-main-21" bid="483"/>
					<bid agent="auction-marginal" bid="773"/>
				</task>
				<task id="10" pickup="Almere" delivery="Eindhoven" weight="12" reward="55300">
					<bid agent="auction-main-21" bid="262"/>
					<bid agent="auction-marginal" bid="681"/>
				</task>
				<task id="11" pickup="Breda" delivery="Nijmegen" weight="11" reward="71177">
					<bid agent="auction-main-21" bid="247"/>
					<bid agent="auction-marginal" bid="999"/>
				</task>
				<task id="12" pickup="Rotterdam" delivery="Almere" weight="22" reward="67350">
					<bid agent="auction-main-21" bid="479"/>
					<bid agent="auction-marginal" bid="370"/>
				</task>
				<task id="13" pickup="Den Haag" delivery="Apeldoorn" weight="17" reward="47362">
					<bid agent="auction-main-21" bid="921"/>
					<bid agent="auction-marginal" bid="886"/>
				</task>
				<task id="14" pickup="Eindhoven" delivery="Nijmegen" weight="28" reward="81761">
					<bid agent="auction-main-21" bid="702"/>
					<bid agent="auction-marginal" bid="61"/>
				</task>
			</tasks>
			<events>
				<event id="0" time="0" vehicle="Vehicle 1" move="Den Haag"/>
				<event id="1" time="0" vehicle="Vehicle 3" pickup="13"/>
				<event id="2" time="300000000" vehicle="Vehicle 3" move="Rotterdam"/>
				<event id="3" time="582222222" vehicle="Vehicle 3" pickup="12"/>
				<event id="4" time="882222222" vehicle="Vehicle 3" move="Breda"/>
				<event id="5" time="1086666666" vehicle="Vehicle 1" pickup="7"/>
				<event id="6" time="1386666666" vehicle="Vehicle 1" pickup="1"/>
				<event id="7" time="1422222221" vehicle="Vehicle 3" move="Eindhoven"/>
				<event id="8" time="1686666666" vehicle="Vehicle 1" move="Rotterdam"/>
				<event id="9" time="2109999999" vehicle="Vehicle 1" move="Breda"/>
				<event id="10" time="2113333331" vehicle="Vehicle 3" pickup="14"/>
				<event id="11" time="2413333331" vehicle="Vehicle 3" move="Nijmegen"/>
				<event id="12" time="2919999999" vehicle="Vehicle 1" pickup="11"/>
				<event id="13" time="3193333330" vehicle="Vehicle 3" deliver="14"/>
				<event id="14" time="3219999999" vehicle="Vehicle 1" move="Utrecht"/>
				<event id="15" time="3493333330" vehicle="Vehicle 3" move="Apeldoorn"/>
				<event id="16" time="4127777773" vehicle="Vehicle 3" pickup="8"/>
				<event id="17" time="4427777773" vehicle="Vehicle 3" deliver="13"/>
				<event id="18" time="4444999999" vehicle="Vehicle 1" pickup="3"/>
				<event id="19" time="4727777773" vehicle="Vehicle 3" pickup="2"/>
				<event id="20" time="4744999999" vehicle="Vehicle 1" move="Almere"/>
				<event id="21" time="5027777772" vehicle="Vehicle 3" move="Almere"/>
				<event id="22" time="5466666665" vehicle="Vehicle 1" move="Groningen"/>
				<event id="23" time="5917777772" vehicle="Vehicle 3" deliver="8"/>
				<event id="24" time="6217777771" vehicle="Vehicle 3" pickup="6"/>
				<event id="25" time="6517777771" vehicle="Vehicle 3" deliver="12"/>
				<event id="26" time="6817777771" vehicle="Vehicle 3" move="Utrecht"/>
				<event id="27" time="7298888881" vehicle="Vehicle 3" pickup="4"/>
				<event id="28" time="7598888881" vehicle="Vehicle 3" deliver="6"/>
				<event id="29" time="7898888881" vehicle="Vehicle 3" move="Amsterdam"/>
				<event id="30" time="8033333331" vehicle="Vehicle 1" deliver="1"/>
				<event id="31" time="8333333331" vehicle="Vehicle 1" deliver="3"/>
				<event id="32" time="8405555547" vehicle="Vehicle 3" deliver="4"/>
				<event id="33" time="8633333331" vehicle="Vehicle 1" move="Almere"/>
				<event id="34" time="8705555547" vehicle="Vehicle 3" move="Den Haag"/>
				<event id="35" time="9429999991" vehicle="Vehicle 3" deliver="2"/>
				<event id="36" time="11199999997" vehicle="Vehicle 1" pickup="10"/>
				<event id="37" time="11499999997" vehicle="Vehicle 1" move="Apeldoorn"/>
				<event id="38" time="12834999997" vehicle="Vehicle 1" pickup="9"/>
				<event id="39" time="13134999997" vehicle="Vehicle 1" move="Nijmegen"/>
				<event id="40" time="14086666663" vehicle="Vehicle 1" deliver="11"/>
				<event id="41" time="14386666663" vehicle="Vehicle 1" deliver="7"/>
				<event id="42" time="14686666663" vehicle="Vehicle 1" pickup="5"/>
				<event id="43" time="14986666663" vehicle="Vehicle 1" move="Eindhoven"/>
				<event id="44" time="16156666662" vehicle="Vehicle 1" deliver="10"/>
				<event id="45" time="16456666662" vehicle="Vehicle 1" move="Breda"/>
				<event id="46" time="17493333328" vehicle="Vehicle 1" pickup="0"/>
				<event id="47" time="17793333328" vehicle="Vehicle 1" move="Rotterdam"/>
				<event id="48" time="18603333327" vehicle="Vehicle 1" move="Den Haag"/>
				<event id="49" time="19026666659" vehicle="Vehicle 1" deliver="9"/>
				<event id="50" time="19326666659" vehicle="Vehicle 1" move="Amsterdam"/>
				<event id="51" time="20413333325" vehicle="Vehicle 1" move="Almere"/>
				<event id="52" time="20944999991" vehicle="Vehicle 1" deliver="0"/>
				<event id="53" time="21244999991" vehicle="Vehicle 1" move="Groningen"/>
				<event id="54" time="23811666657" vehicle="Vehicle 1" deliver="5"/>
			</events>
		</round>
	</rounds>
	<statistics>
		<stat rank="1" agent="auction-marginal">
			<total-tasks value="7"/>
			<total-distance value="497.7"/>
			<total-cost value="2489"/>
			<total-reward value="2487"/>
			<total-profit value="-2"/>
		</stat>
		<stat rank="2" agent="auction-main-21">
			<total-tasks value="8"/>
			<total-distance value="1158.7"/>
			<total-cost value="5794"/>
			<total-reward value="4730"/>
			<total-profit value="-1064"/>
		</stat>
	</statistics>
</history>
