<?xml version="1.0" encoding="ISO-8859-1"?>

<history configuration="config\auction.xml">
	<agents>
		<agent name="auction-random">
			<vehicle name="Vehicle 1"/>
			<vehicle name="Vehicle 2"/>
		</agent>
		<agent name="auction-main-21">
			<vehicle name="Vehicle 3"/>
			<vehicle name="Vehicle 4"/>
		</agent>
	</agents>
	<rounds>
		<round id="1">
			<tasks>
				<task id="0" pickup="Cardiff" delivery="Sheffield" weight="3" reward="69479">
					<bid agent="auction-random" bid="1251"/>
					<bid agent="auction-main-21" bid="1256"/>
				</task>
				<task id="1" pickup="Manchester" delivery="Norwich" weight="3" reward="47516">
					<bid agent="auction-random" bid="1080"/>
					<bid agent="auction-main-21" bid="1256"/>
				</task>
				<task id="2" pickup="Cardiff" delivery="Manchester" weight="3" reward="68638">
					<bid agent="auction-random" bid="1241"/>
					<bid agent="auction-main-21" bid="1255"/>
				</task>
				<task id="3" pickup="Sheffield" delivery="Portsmouth" weight="3" reward="55553">
					<bid agent="auction-random" bid="1328"/>
					<bid agent="auction-main-21" bid="1261"/>
				</task>
				<task id="4" pickup="Liverpool" delivery="Norwich" weight="3" reward="41305">
					<bid agent="auction-random" bid="555"/>
					<bid agent="auction-main-21" bid="1254"/>
				</task>
				<task id="5" pickup="Norwich" delivery="London" weight="3" reward="85625">
					<bid agent="auction-random" bid="1584"/>
					<bid agent="auction-main-21" bid="1085"/>
				</task>
				<task id="6" pickup="Cardiff" delivery="London" weight="3" reward="64503">
					<bid agent="auction-random" bid="1875"/>
					<bid agent="auction-main-21" bid="1054"/>
				</task>
				<task id="7" pickup="London" delivery="Manchester" weight="3" reward="68101">
					<bid agent="auction-random" bid="1802"/>
					<bid agent="auction-main-21" bid="868"/>
				</task>
				<task id="8" pickup="Plymouth" delivery="Birmingham" weight="3" reward="41269">
					<bid agent="auction-random" bid="501"/>
					<bid agent="auction-main-21" bid="993"/>
				</task>
				<task id="9" pickup="Portsmouth" delivery="Plymouth" weight="3" reward="75780">
					<bid agent="auction-random" bid="1889"/>
					<bid agent="auction-main-21" bid="1227"/>
				</task>
				<task id="10" pickup="Birmingham" delivery="Cardiff" weight="3" reward="85625">
					<bid agent="auction-random" bid="517"/>
					<bid agent="auction-main-21" bid="637"/>
				</task>
				<task id="11" pickup="Portsmouth" delivery="Sheffield" weight="3" reward="55553">
					<bid agent="auction-random" bid="1442"/>
					<bid agent="auction-main-21" bid="312"/>
				</task>
				<task id="12" pickup="Cardiff" delivery="Manchester" weight="3" reward="68638">
					<bid agent="auction-random" bid="1890"/>
					<bid agent="auction-main-21" bid="1419"/>
				</task>
				<task id="13" pickup="Newcastle" delivery="Manchester" weight="3" reward="69390">
					<bid agent="auction-random" bid="1806"/>
					<bid agent="auction-main-21" bid="1917"/>
				</task>
				<task id="14" pickup="Portsmouth" delivery="Liverpool" weight="3" reward="48501">
					<bid agent="auction-random" bid="1012"/>
					<bid agent="auction-main-21" bid="722"/>
				</task>
				<task id="15" pickup="Sheffield" delivery="Liverpool" weight="3" reward="85840">
					<bid agent="auction-random" bid="1884"/>
					<bid agent="auction-main-21" bid="651"/>
				</task>
				<task id="16" pickup="London" delivery="Birmingham" weight="3" reward="85088">
					<bid agent="auction-random" bid="787"/>
					<bid agent="auction-main-21" bid="1280"/>
				</task>
				<task id="17" pickup="Portsmouth" delivery="Norwich" weight="3" reward="72236">
					<bid agent="auction-random" bid="1803"/>
					<bid agent="auction-main-21" bid="2172"/>
				</task>
				<task id="18" pickup="Plymouth" delivery="Norwich" weight="3" reward="41806">
					<bid agent="auction-random" bid="532"/>
					<bid agent="auction-main-21" bid="2128"/>
				</task>
				<task id="19" pickup="Cardiff" delivery="Leeds" weight="3" reward="62087">
					<bid agent="auction-random" bid="1175"/>
					<bid agent="auction-main-21" bid="1915"/>
				</task>
				<task id="20" pickup="Newcastle" delivery="Birmingham" weight="3" reward="65040">
					<bid agent="auction-random" bid="1801"/>
					<bid agent="auction-main-21" bid="1594"/>
				</task>
				<task id="21" pickup="Birmingham" delivery="Newcastle" weight="3" reward="65040">
					<bid agent="auction-random" bid="1851"/>
					<bid agent="auction-main-21" bid="438"/>
				</task>
				<task id="22" pickup="Leeds" delivery="Plymouth" weight="3" reward="17731">
					<bid agent="auction-random" bid="792"/>
					<bid agent="auction-main-21" bid="1466"/>
				</task>
				<task id="23" pickup="Norwich" delivery="London" weight="3" reward="85625">
					<bid agent="auction-random" bid="816"/>
					<bid agent="auction-main-21" bid="447"/>
				</task>
				<task id="24" pickup="Norwich" delivery="London" weight="3" reward="85625">
					<bid agent="auction-random" bid="928"/>
					<bid agent="auction-main-21" bid="521"/>
				</task>
			</tasks>
			<events>
				<event id="0" time="0" vehicle="Vehicle 1" pickup="13"/>
				<event id="1" time="0" vehicle="Vehicle 4" pickup="23"/>
				<event id="2" time="299999985" vehicle="Vehicle 1" move="Leeds"/>
				<event id="3" time="299999985" vehicle="Vehicle 4" pickup="5"/>
				<event id="4" time="599999963" vehicle="Vehicle 4" pickup="24"/>
				<event id="5" time="899999943" vehicle="Vehicle 4" move="London"/>
				<event id="6" time="1394444354" vehicle="Vehicle 1" pickup="22"/>
				<event id="7" time="1694444335" vehicle="Vehicle 1" move="Sheffield"/>
				<event id="8" time="2153333196" vehicle="Vehicle 1" move="Birmingham"/>
				<event id="9" time="2177777640" vehicle="Vehicle 4" pickup="7"/>
				<event id="10" time="2477777622" vehicle="Vehicle 4" move="Portsmouth"/>
				<event id="11" time="3155555353" vehicle="Vehicle 1" pickup="10"/>
				<event id="12" time="3308888676" vehicle="Vehicle 4" pickup="11"/>
				<event id="13" time="3455555332" vehicle="Vehicle 1" move="Cardiff"/>
				<event id="14" time="3608888654" vehicle="Vehicle 4" pickup="9"/>
				<event id="15" time="3908888634" vehicle="Vehicle 4" pickup="14"/>
				<event id="16" time="4208888615" vehicle="Vehicle 4" move="London"/>
				<event id="17" time="4733333028" vehicle="Vehicle 1" pickup="2"/>
				<event id="18" time="5033333010" vehicle="Vehicle 1" pickup="0"/>
				<event id="19" time="5039999673" vehicle="Vehicle 4" deliver="23"/>
				<event id="20" time="5333332986" vehicle="Vehicle 1" pickup="19"/>
				<event id="21" time="5339999650" vehicle="Vehicle 4" deliver="5"/>
				<event id="22" time="5633332966" vehicle="Vehicle 1" deliver="10"/>
				<event id="23" time="5639999631" vehicle="Vehicle 4" deliver="24"/>
				<event id="24" time="5933332942" vehicle="Vehicle 1" move="Birmingham"/>
				<event id="25" time="5939999607" vehicle="Vehicle 4" move="Birmingham"/>
				<event id="26" time="7211110643" vehicle="Vehicle 1" move="Sheffield"/>
				<event id="27" time="7251110638" vehicle="Vehicle 4" move="Cardiff"/>
				<event id="28" time="8213332800" vehicle="Vehicle 1" deliver="0"/>
				<event id="29" time="8513332780" vehicle="Vehicle 1" move="Leeds"/>
				<event id="30" time="8528888333" vehicle="Vehicle 4" pickup="12"/>
				<event id="31" time="8828888313" vehicle="Vehicle 4" pickup="6"/>
				<event id="32" time="8972221639" vehicle="Vehicle 1" deliver="19"/>
				<event id="33" time="9128888292" vehicle="Vehicle 4" move="Birmingham"/>
				<event id="34" time="9272221619" vehicle="Vehicle 1" move="Liverpool"/>
				<event id="35" time="10077777123" vehicle="Vehicle 1" pickup="4"/>
				<event id="36" time="10377777103" vehicle="Vehicle 1" move="Manchester"/>
				<event id="37" time="10406665988" vehicle="Vehicle 4" pickup="21"/>
				<event id="38" time="10706665968" vehicle="Vehicle 4" move="Sheffield"/>
				<event id="39" time="10763332633" vehicle="Vehicle 1" deliver="2"/>
				<event id="40" time="11063332614" vehicle="Vehicle 1" deliver="13"/>
				<event id="41" time="11363332595" vehicle="Vehicle 1" pickup="1"/>
				<event id="42" time="11663332576" vehicle="Vehicle 1" move="Birmingham"/>
				<event id="43" time="11708888127" vehicle="Vehicle 4" deliver="11"/>
				<event id="44" time="12008888110" vehicle="Vehicle 4" pickup="15"/>
				<event id="45" time="12308888087" vehicle="Vehicle 4" pickup="3"/>
				<event id="46" time="12608888064" vehicle="Vehicle 4" move="Leeds"/>
				<event id="47" time="12717776949" vehicle="Vehicle 1" move="London"/>
				<event id="48" time="13067776924" vehicle="Vehicle 4" move="Liverpool"/>
				<event id="49" time="13873332428" vehicle="Vehicle 4" deliver="15"/>
				<event id="50" time="14028887980" vehicle="Vehicle 1" pickup="16"/>
				<event id="51" time="14173332412" vehicle="Vehicle 4" deliver="14"/>
				<event id="52" time="14328887957" vehicle="Vehicle 1" move="Norwich"/>
				<event id="53" time="14473332391" vehicle="Vehicle 4" move="Leeds"/>
				<event id="54" time="15278887894" vehicle="Vehicle 4" move="Newcastle"/>
				<event id="55" time="15606665654" vehicle="Vehicle 1" deliver="4"/>
				<event id="56" time="15906665633" vehicle="Vehicle 1" deliver="1"/>
				<event id="57" time="16206665614" vehicle="Vehicle 1" move="London"/>
				<event id="58" time="16373332270" vehicle="Vehicle 4" pickup="20"/>
				<event id="59" time="16673332248" vehicle="Vehicle 4" deliver="21"/>
				<event id="60" time="16973332231" vehicle="Vehicle 4" move="Leeds"/>
				<event id="61" time="17484443308" vehicle="Vehicle 1" move="Portsmouth"/>
				<event id="62" time="18067776607" vehicle="Vehicle 4" move="Liverpool"/>
				<event id="63" time="18315554368" vehicle="Vehicle 1" pickup="17"/>
				<event id="64" time="18615554354" vehicle="Vehicle 1" move="Plymouth"/>
				<event id="65" time="18873332117" vehicle="Vehicle 4" move="Manchester"/>
				<event id="66" time="19258887644" vehicle="Vehicle 4" deliver="7"/>
				<event id="67" time="19558887628" vehicle="Vehicle 4" deliver="12"/>
				<event id="68" time="19858887611" vehicle="Vehicle 4" move="Birmingham"/>
				<event id="69" time="20504443120" vehicle="Vehicle 1" pickup="18"/>
				<event id="70" time="20804443102" vehicle="Vehicle 1" deliver="22"/>
				<event id="71" time="20913331986" vehicle="Vehicle 4" deliver="20"/>
				<event id="72" time="21104443079" vehicle="Vehicle 1" pickup="8"/>
				<event id="73" time="21213331963" vehicle="Vehicle 4" move="London"/>
				<event id="74" time="21404443059" vehicle="Vehicle 1" move="Portsmouth"/>
				<event id="75" time="22524442991" vehicle="Vehicle 4" deliver="6"/>
				<event id="76" time="22824442970" vehicle="Vehicle 4" move="Portsmouth"/>
				<event id="77" time="23293331824" vehicle="Vehicle 1" move="London"/>
				<event id="78" time="23655554022" vehicle="Vehicle 4" deliver="3"/>
				<event id="79" time="23955554003" vehicle="Vehicle 4" move="Plymouth"/>
				<event id="80" time="24124442882" vehicle="Vehicle 1" move="Norwich"/>
				<event id="81" time="25402220580" vehicle="Vehicle 1" deliver="17"/>
				<event id="82" time="25702220561" vehicle="Vehicle 1" deliver="18"/>
				<event id="83" time="25844442777" vehicle="Vehicle 4" deliver="9"/>
				<event id="84" time="26002220543" vehicle="Vehicle 1" move="London"/>
				<event id="85" time="27279998236" vehicle="Vehicle 1" move="Birmingham"/>
				<event id="86" time="28591109264" vehicle="Vehicle 1" deliver="16"/>
				<event id="87" time="28891109245" vehicle="Vehicle 1" deliver="8"/>
			</events>
		</round>
	</rounds>
	<statistics>
		<stat rank="1" agent="auction-main-21">
			<total-tasks value="13"/>
			<total-distance value="1651.0"/>
			<total-cost value="8255"/>
			<total-reward value="11599"/>
			<total-profit value="3344"/>
		</stat>
		<stat rank="2" agent="auction-random">
			<total-tasks value="12"/>
			<total-distance value="1979.2"/>
			<total-cost value="9896"/>
			<total-reward value="12040"/>
			<total-profit value="2144"/>
		</stat>
	</statistics>
</history>
