<?xml version="1.0" encoding="ISO-8859-1"?>

<history configuration="config\auction.xml">
	<agents>
		<agent name="auction-main-21">
			<vehicle name="Vehicle 1"/>
			<vehicle name="Vehicle 2"/>
		</agent>
		<agent name="auction-random">
			<vehicle name="Vehicle 3"/>
			<vehicle name="Vehicle 4"/>
		</agent>
	</agents>
	<rounds>
		<round id="1">
			<tasks>
				<task id="0" pickup="Cardiff" delivery="Sheffield" weight="3" reward="69479">
					<bid agent="auction-main-21" bid="1263"/>
					<bid agent="auction-random" bid="1251"/>
				</task>
				<task id="1" pickup="Manchester" delivery="Norwich" weight="3" reward="47516">
					<bid agent="auction-main-21" bid="1262"/>
					<bid agent="auction-random" bid="1080"/>
				</task>
				<task id="2" pickup="Cardiff" delivery="Manchester" weight="3" reward="68638">
					<bid agent="auction-main-21" bid="1260"/>
					<bid agent="auction-random" bid="1241"/>
				</task>
				<task id="3" pickup="Sheffield" delivery="Portsmouth" weight="3" reward="55553">
					<bid agent="auction-main-21" bid="1259"/>
					<bid agent="auction-random" bid="1328"/>
				</task>
				<task id="4" pickup="Liverpool" delivery="Norwich" weight="3" reward="41305">
					<bid agent="auction-main-21" bid="1269"/>
					<bid agent="auction-random" bid="555"/>
				</task>
				<task id="5" pickup="Norwich" delivery="London" weight="3" reward="85625">
					<bid agent="auction-main-21" bid="1159"/>
					<bid agent="auction-random" bid="1584"/>
				</task>
				<task id="6" pickup="Cardiff" delivery="London" weight="3" reward="64503">
					<bid agent="auction-main-21" bid="1053"/>
					<bid agent="auction-random" bid="1875"/>
				</task>
				<task id="7" pickup="London" delivery="Manchester" weight="3" reward="68101">
					<bid agent="auction-main-21" bid="936"/>
					<bid agent="auction-random" bid="1802"/>
				</task>
				<task id="8" pickup="Plymouth" delivery="Birmingham" weight="3" reward="41269">
					<bid agent="auction-main-21" bid="1281"/>
					<bid agent="auction-random" bid="501"/>
				</task>
				<task id="9" pickup="Portsmouth" delivery="Plymouth" weight="3" reward="75780">
					<bid agent="auction-main-21" bid="608"/>
					<bid agent="auction-random" bid="1889"/>
				</task>
				<task id="10" pickup="Birmingham" delivery="Cardiff" weight="3" reward="85625">
					<bid agent="auction-main-21" bid="688"/>
					<bid agent="auction-random" bid="517"/>
				</task>
				<task id="11" pickup="Portsmouth" delivery="Sheffield" weight="3" reward="55553">
					<bid agent="auction-main-21" bid="722"/>
					<bid agent="auction-random" bid="1442"/>
				</task>
				<task id="12" pickup="Cardiff" delivery="Manchester" weight="3" reward="68638">
					<bid agent="auction-main-21" bid="1323"/>
					<bid agent="auction-random" bid="1890"/>
				</task>
				<task id="13" pickup="Newcastle" delivery="Manchester" weight="3" reward="69390">
					<bid agent="auction-main-21" bid="1906"/>
					<bid agent="auction-random" bid="1806"/>
				</task>
				<task id="14" pickup="Portsmouth" delivery="Liverpool" weight="3" reward="48501">
					<bid agent="auction-main-21" bid="1086"/>
					<bid agent="auction-random" bid="1012"/>
				</task>
				<task id="15" pickup="Sheffield" delivery="Liverpool" weight="3" reward="85840">
					<bid agent="auction-main-21" bid="1522"/>
					<bid agent="auction-random" bid="1884"/>
				</task>
				<task id="16" pickup="London" delivery="Birmingham" weight="3" reward="85088">
					<bid agent="auction-main-21" bid="612"/>
					<bid agent="auction-random" bid="787"/>
				</task>
				<task id="17" pickup="Portsmouth" delivery="Norwich" weight="3" reward="72236">
					<bid agent="auction-main-21" bid="1167"/>
					<bid agent="auction-random" bid="1803"/>
				</task>
				<task id="18" pickup="Plymouth" delivery="Norwich" weight="3" reward="41806">
					<bid agent="auction-main-21" bid="1012"/>
					<bid agent="auction-random" bid="532"/>
				</task>
				<task id="19" pickup="Cardiff" delivery="Leeds" weight="3" reward="62087">
					<bid agent="auction-main-21" bid="1589"/>
					<bid agent="auction-random" bid="1175"/>
				</task>
				<task id="20" pickup="Newcastle" delivery="Birmingham" weight="3" reward="65040">
					<bid agent="auction-main-21" bid="899"/>
					<bid agent="auction-random" bid="1801"/>
				</task>
				<task id="21" pickup="Birmingham" delivery="Newcastle" weight="3" reward="65040">
					<bid agent="auction-main-21" bid="915"/>
					<bid agent="auction-random" bid="1851"/>
				</task>
				<task id="22" pickup="Leeds" delivery="Plymouth" weight="3" reward="17731">
					<bid agent="auction-main-21" bid="2156"/>
					<bid agent="auction-random" bid="792"/>
				</task>
				<task id="23" pickup="Norwich" delivery="London" weight="3" reward="85625">
					<bid agent="auction-main-21" bid="985"/>
					<bid agent="auction-random" bid="816"/>
				</task>
				<task id="24" pickup="Norwich" delivery="London" weight="3" reward="85625">
					<bid agent="auction-main-21" bid="656"/>
					<bid agent="auction-random" bid="928"/>
				</task>
			</tasks>
			<events>
				<event id="0" time="0" vehicle="Vehicle 1" pickup="20"/>
				<event id="1" time="0" vehicle="Vehicle 3" pickup="8"/>
				<event id="2" time="299999990" vehicle="Vehicle 1" move="Leeds"/>
				<event id="3" time="299999990" vehicle="Vehicle 3" move="Portsmouth"/>
				<event id="4" time="1394444368" vehicle="Vehicle 1" move="Sheffield"/>
				<event id="5" time="1853333226" vehicle="Vehicle 1" pickup="3"/>
				<event id="6" time="2153333207" vehicle="Vehicle 1" pickup="15"/>
				<event id="7" time="2188888762" vehicle="Vehicle 3" pickup="14"/>
				<event id="8" time="2453333189" vehicle="Vehicle 1" move="Birmingham"/>
				<event id="9" time="2488888743" vehicle="Vehicle 3" move="London"/>
				<event id="10" time="3319999802" vehicle="Vehicle 3" move="Birmingham"/>
				<event id="11" time="3455555349" vehicle="Vehicle 1" pickup="21"/>
				<event id="12" time="3755555328" vehicle="Vehicle 1" deliver="20"/>
				<event id="13" time="4055555310" vehicle="Vehicle 1" move="London"/>
				<event id="14" time="4631110830" vehicle="Vehicle 3" deliver="8"/>
				<event id="15" time="4931110807" vehicle="Vehicle 3" pickup="10"/>
				<event id="16" time="5231110788" vehicle="Vehicle 3" move="Manchester"/>
				<event id="17" time="5366666333" vehicle="Vehicle 1" pickup="16"/>
				<event id="18" time="5666666311" vehicle="Vehicle 1" pickup="7"/>
				<event id="19" time="5966666293" vehicle="Vehicle 1" move="Portsmouth"/>
				<event id="20" time="6285555164" vehicle="Vehicle 3" pickup="1"/>
				<event id="21" time="6585555146" vehicle="Vehicle 3" move="Liverpool"/>
				<event id="22" time="6797777351" vehicle="Vehicle 1" deliver="3"/>
				<event id="23" time="6971110676" vehicle="Vehicle 3" move="Leeds"/>
				<event id="24" time="7097777330" vehicle="Vehicle 1" pickup="11"/>
				<event id="25" time="7397777313" vehicle="Vehicle 1" pickup="17"/>
				<event id="26" time="7697777294" vehicle="Vehicle 1" pickup="9"/>
				<event id="27" time="7776666181" vehicle="Vehicle 3" pickup="22"/>
				<event id="28" time="7997777270" vehicle="Vehicle 1" move="London"/>
				<event id="29" time="8076666158" vehicle="Vehicle 3" move="Liverpool"/>
				<event id="30" time="8828888325" vehicle="Vehicle 1" move="Norwich"/>
				<event id="31" time="8882221659" vehicle="Vehicle 3" pickup="4"/>
				<event id="32" time="9182221643" vehicle="Vehicle 3" deliver="14"/>
				<event id="33" time="9482221624" vehicle="Vehicle 3" move="Manchester"/>
				<event id="34" time="9867777157" vehicle="Vehicle 3" move="Birmingham"/>
				<event id="35" time="10106666026" vehicle="Vehicle 1" pickup="24"/>
				<event id="36" time="10406666005" vehicle="Vehicle 1" deliver="17"/>
				<event id="37" time="10706665986" vehicle="Vehicle 1" pickup="5"/>
				<event id="38" time="10922221530" vehicle="Vehicle 3" move="London"/>
				<event id="39" time="11006665969" vehicle="Vehicle 1" move="London"/>
				<event id="40" time="12233332563" vehicle="Vehicle 3" move="Portsmouth"/>
				<event id="41" time="12284443671" vehicle="Vehicle 1" deliver="24"/>
				<event id="42" time="12584443652" vehicle="Vehicle 1" deliver="5"/>
				<event id="43" time="12884443632" vehicle="Vehicle 1" move="Birmingham"/>
				<event id="44" time="13064443620" vehicle="Vehicle 3" move="Plymouth"/>
				<event id="45" time="14195554650" vehicle="Vehicle 1" deliver="16"/>
				<event id="46" time="14495554631" vehicle="Vehicle 1" move="Cardiff"/>
				<event id="47" time="14953332381" vehicle="Vehicle 3" deliver="22"/>
				<event id="48" time="15253332362" vehicle="Vehicle 3" pickup="18"/>
				<event id="49" time="15553332344" vehicle="Vehicle 3" move="Portsmouth"/>
				<event id="50" time="15773332332" vehicle="Vehicle 1" pickup="12"/>
				<event id="51" time="16073332314" vehicle="Vehicle 1" pickup="6"/>
				<event id="52" time="16373332293" vehicle="Vehicle 1" move="Birmingham"/>
				<event id="53" time="17442221115" vehicle="Vehicle 3" move="London"/>
				<event id="54" time="17651109989" vehicle="Vehicle 1" move="Sheffield"/>
				<event id="55" time="18273332169" vehicle="Vehicle 3" move="Norwich"/>
				<event id="56" time="18653332144" vehicle="Vehicle 1" deliver="11"/>
				<event id="57" time="18953332125" vehicle="Vehicle 1" move="Leeds"/>
				<event id="58" time="19412220987" vehicle="Vehicle 1" move="Newcastle"/>
				<event id="59" time="19551109864" vehicle="Vehicle 3" pickup="23"/>
				<event id="60" time="19851109839" vehicle="Vehicle 3" deliver="1"/>
				<event id="61" time="20151109824" vehicle="Vehicle 3" deliver="4"/>
				<event id="62" time="20451109804" vehicle="Vehicle 3" deliver="18"/>
				<event id="63" time="20506665360" vehicle="Vehicle 1" deliver="21"/>
				<event id="64" time="20751109784" vehicle="Vehicle 3" move="London"/>
				<event id="65" time="20806665339" vehicle="Vehicle 1" move="Leeds"/>
				<event id="66" time="21901109712" vehicle="Vehicle 1" move="Liverpool"/>
				<event id="67" time="22028887477" vehicle="Vehicle 3" deliver="23"/>
				<event id="68" time="22328887454" vehicle="Vehicle 3" move="Birmingham"/>
				<event id="69" time="22706665212" vehicle="Vehicle 1" deliver="15"/>
				<event id="70" time="23006665192" vehicle="Vehicle 1" move="Manchester"/>
				<event id="71" time="23392220722" vehicle="Vehicle 1" deliver="7"/>
				<event id="72" time="23639998476" vehicle="Vehicle 3" move="Cardiff"/>
				<event id="73" time="23692220700" vehicle="Vehicle 1" deliver="12"/>
				<event id="74" time="23992220683" vehicle="Vehicle 1" move="Birmingham"/>
				<event id="75" time="24917776170" vehicle="Vehicle 3" pickup="0"/>
				<event id="76" time="25046665057" vehicle="Vehicle 1" move="London"/>
				<event id="77" time="25217776156" vehicle="Vehicle 3" pickup="2"/>
				<event id="78" time="25517776134" vehicle="Vehicle 3" deliver="10"/>
				<event id="79" time="25817776116" vehicle="Vehicle 3" pickup="19"/>
				<event id="80" time="26117776093" vehicle="Vehicle 3" move="Birmingham"/>
				<event id="81" time="26357776086" vehicle="Vehicle 1" deliver="6"/>
				<event id="82" time="26657776066" vehicle="Vehicle 1" move="Portsmouth"/>
				<event id="83" time="27395553791" vehicle="Vehicle 3" move="Sheffield"/>
				<event id="84" time="27488887125" vehicle="Vehicle 1" move="Plymouth"/>
				<event id="85" time="28397775946" vehicle="Vehicle 3" deliver="0"/>
				<event id="86" time="28697775925" vehicle="Vehicle 3" move="Leeds"/>
				<event id="87" time="29156664782" vehicle="Vehicle 3" move="Newcastle"/>
				<event id="88" time="29377775887" vehicle="Vehicle 1" deliver="9"/>
				<event id="89" time="30251109156" vehicle="Vehicle 3" pickup="13"/>
				<event id="90" time="30551109139" vehicle="Vehicle 3" move="Leeds"/>
				<event id="91" time="31645553507" vehicle="Vehicle 3" deliver="19"/>
				<event id="92" time="31945553485" vehicle="Vehicle 3" move="Liverpool"/>
				<event id="93" time="32751108990" vehicle="Vehicle 3" move="Manchester"/>
				<event id="94" time="33136664517" vehicle="Vehicle 3" deliver="2"/>
				<event id="95" time="33436664492" vehicle="Vehicle 3" deliver="13"/>
			</events>
		</round>
	</rounds>
	<statistics>
		<stat rank="1" agent="auction-main-21">
			<total-tasks value="13"/>
			<total-distance value="1969.0"/>
			<total-cost value="9845"/>
			<total-reward value="12831"/>
			<total-profit value="2986"/>
		</stat>
		<stat rank="2" agent="auction-random">
			<total-tasks value="12"/>
			<total-distance value="2388.3"/>
			<total-cost value="11942"/>
			<total-reward value="11278"/>
			<total-profit value="-664"/>
		</stat>
	</statistics>
</history>
