<?xml version="1.0" encoding="ISO-8859-1"?>

<history configuration="config\auction.xml">
	<agents>
		<agent name="auction-marginal">
			<vehicle name="Vehicle 1"/>
			<vehicle name="Vehicle 2"/>
		</agent>
		<agent name="auction-main-21">
			<vehicle name="Vehicle 3"/>
			<vehicle name="Vehicle 4"/>
		</agent>
	</agents>
	<rounds>
		<round id="1">
			<tasks>
				<task id="0" pickup="Cardiff" delivery="Sheffield" weight="3" reward="69479">
					<bid agent="auction-marginal" bid="2191"/>
					<bid agent="auction-main-21" bid="1363"/>
				</task>
				<task id="1" pickup="Manchester" delivery="Norwich" weight="3" reward="47516">
					<bid agent="auction-marginal" bid="2668"/>
					<bid agent="auction-main-21" bid="1366"/>
				</task>
				<task id="2" pickup="Cardiff" delivery="Manchester" weight="3" reward="68638">
					<bid agent="auction-marginal" bid="2214"/>
					<bid agent="auction-main-21" bid="1369"/>
				</task>
				<task id="3" pickup="Sheffield" delivery="Portsmouth" weight="3" reward="55553">
					<bid agent="auction-marginal" bid="2114"/>
					<bid agent="auction-main-21" bid="1388"/>
				</task>
				<task id="4" pickup="Liverpool" delivery="Norwich" weight="3" reward="41305">
					<bid agent="auction-marginal" bid="2668"/>
					<bid agent="auction-main-21" bid="1433"/>
				</task>
				<task id="5" pickup="Norwich" delivery="London" weight="3" reward="85625">
					<bid agent="auction-marginal" bid="1150"/>
					<bid agent="auction-main-21" bid="1599"/>
				</task>
				<task id="6" pickup="Cardiff" delivery="London" weight="3" reward="64503">
					<bid agent="auction-marginal" bid="2330"/>
					<bid agent="auction-main-21" bid="1482"/>
				</task>
				<task id="7" pickup="London" delivery="Manchester" weight="3" reward="68101">
					<bid agent="auction-marginal" bid="1064"/>
					<bid agent="auction-main-21" bid="1538"/>
				</task>
				<task id="8" pickup="Plymouth" delivery="Birmingham" weight="3" reward="41269">
					<bid agent="auction-marginal" bid="2448"/>
					<bid agent="auction-main-21" bid="1277"/>
				</task>
				<task id="9" pickup="Portsmouth" delivery="Plymouth" weight="3" reward="75780">
					<bid agent="auction-marginal" bid="2288"/>
					<bid agent="auction-main-21" bid="2303"/>
				</task>
				<task id="10" pickup="Birmingham" delivery="Cardiff" weight="3" reward="85625">
					<bid agent="auction-marginal" bid="1150"/>
					<bid agent="auction-main-21" bid="1539"/>
				</task>
				<task id="11" pickup="Portsmouth" delivery="Sheffield" weight="3" reward="55553">
					<bid agent="auction-marginal" bid="778"/>
					<bid agent="auction-main-21" bid="1129"/>
				</task>
				<task id="12" pickup="Cardiff" delivery="Manchester" weight="3" reward="68638">
					<bid agent="auction-marginal" bid="100"/>
					<bid agent="auction-main-21" bid="1640"/>
				</task>
				<task id="13" pickup="Newcastle" delivery="Manchester" weight="3" reward="69390">
					<bid agent="auction-marginal" bid="1617"/>
					<bid agent="auction-main-21" bid="1516"/>
				</task>
				<task id="14" pickup="Portsmouth" delivery="Liverpool" weight="3" reward="48501">
					<bid agent="auction-marginal" bid="2213"/>
					<bid agent="auction-main-21" bid="768"/>
				</task>
				<task id="15" pickup="Sheffield" delivery="Liverpool" weight="3" reward="85840">
					<bid agent="auction-marginal" bid="0"/>
					<bid agent="auction-main-21" bid="2035"/>
				</task>
				<task id="16" pickup="London" delivery="Birmingham" weight="3" reward="85088">
					<bid agent="auction-marginal" bid="1287"/>
					<bid agent="auction-main-21" bid="823"/>
				</task>
				<task id="17" pickup="Portsmouth" delivery="Norwich" weight="3" reward="72236">
					<bid agent="auction-marginal" bid="1118"/>
					<bid agent="auction-main-21" bid="742"/>
				</task>
				<task id="18" pickup="Plymouth" delivery="Norwich" weight="3" reward="41806">
					<bid agent="auction-marginal" bid="766"/>
					<bid agent="auction-main-21" bid="2630"/>
				</task>
				<task id="19" pickup="Cardiff" delivery="Leeds" weight="3" reward="62087">
					<bid agent="auction-marginal" bid="997"/>
					<bid agent="auction-main-21" bid="1356"/>
				</task>
				<task id="20" pickup="Newcastle" delivery="Birmingham" weight="3" reward="65040">
					<bid agent="auction-marginal" bid="1041"/>
					<bid agent="auction-main-21" bid="2352"/>
				</task>
				<task id="21" pickup="Birmingham" delivery="Newcastle" weight="3" reward="65040">
					<bid agent="auction-marginal" bid="985"/>
					<bid agent="auction-main-21" bid="2060"/>
				</task>
				<task id="22" pickup="Leeds" delivery="Plymouth" weight="3" reward="17731">
					<bid agent="auction-marginal" bid="-1327"/>
					<bid agent="auction-main-21" bid="1835"/>
				</task>
				<task id="23" pickup="Norwich" delivery="London" weight="3" reward="85625">
					<bid agent="auction-marginal" bid="2551"/>
					<bid agent="auction-main-21" bid="21"/>
				</task>
				<task id="24" pickup="Norwich" delivery="London" weight="3" reward="85625">
					<bid agent="auction-marginal" bid="0"/>
					<bid agent="auction-main-21" bid="-230"/>
				</task>
			</tasks>
			<events>
				<event id="0" time="0" vehicle="Vehicle 1" pickup="20"/>
				<event id="1" time="0" vehicle="Vehicle 3" pickup="8"/>
				<event id="2" time="300000000" vehicle="Vehicle 1" move="Leeds"/>
				<event id="3" time="300000000" vehicle="Vehicle 3" move="Portsmouth"/>
				<event id="4" time="1394444444" vehicle="Vehicle 1" pickup="22"/>
				<event id="5" time="1694444444" vehicle="Vehicle 1" move="Sheffield"/>
				<event id="6" time="2153333332" vehicle="Vehicle 1" pickup="15"/>
				<event id="7" time="2188888888" vehicle="Vehicle 3" pickup="17"/>
				<event id="8" time="2453333332" vehicle="Vehicle 1" move="Birmingham"/>
				<event id="9" time="2488888888" vehicle="Vehicle 3" pickup="14"/>
				<event id="10" time="2788888888" vehicle="Vehicle 3" move="London"/>
				<event id="11" time="3455555553" vehicle="Vehicle 1" pickup="21"/>
				<event id="12" time="3619999999" vehicle="Vehicle 3" pickup="16"/>
				<event id="13" time="3755555553" vehicle="Vehicle 1" pickup="10"/>
				<event id="14" time="3919999999" vehicle="Vehicle 3" move="Norwich"/>
				<event id="15" time="4055555552" vehicle="Vehicle 1" deliver="20"/>
				<event id="16" time="4355555552" vehicle="Vehicle 1" move="London"/>
				<event id="17" time="5197777776" vehicle="Vehicle 3" pickup="23"/>
				<event id="18" time="5497777776" vehicle="Vehicle 3" deliver="17"/>
				<event id="19" time="5666666662" vehicle="Vehicle 1" pickup="7"/>
				<event id="20" time="5797777776" vehicle="Vehicle 3" pickup="24"/>
				<event id="21" time="5966666662" vehicle="Vehicle 1" move="Portsmouth"/>
				<event id="22" time="6097777775" vehicle="Vehicle 3" move="London"/>
				<event id="23" time="6797777772" vehicle="Vehicle 1" pickup="11"/>
				<event id="24" time="7097777771" vehicle="Vehicle 1" pickup="9"/>
				<event id="25" time="7375555552" vehicle="Vehicle 3" deliver="23"/>
				<event id="26" time="7397777771" vehicle="Vehicle 1" move="London"/>
				<event id="27" time="7675555552" vehicle="Vehicle 3" deliver="24"/>
				<event id="28" time="7975555552" vehicle="Vehicle 3" move="Birmingham"/>
				<event id="29" time="8228888881" vehicle="Vehicle 1" move="Birmingham"/>
				<event id="30" time="9286666662" vehicle="Vehicle 3" deliver="8"/>
				<event id="31" time="9539999992" vehicle="Vehicle 1" move="Cardiff"/>
				<event id="32" time="9586666662" vehicle="Vehicle 3" deliver="16"/>
				<event id="33" time="9886666662" vehicle="Vehicle 3" move="Cardiff"/>
				<event id="34" time="10817777769" vehicle="Vehicle 1" pickup="19"/>
				<event id="35" time="11117777768" vehicle="Vehicle 1" pickup="12"/>
				<event id="36" time="11164444439" vehicle="Vehicle 3" pickup="0"/>
				<event id="37" time="11417777768" vehicle="Vehicle 1" deliver="10"/>
				<event id="38" time="11464444439" vehicle="Vehicle 3" pickup="6"/>
				<event id="39" time="11717777768" vehicle="Vehicle 1" move="Birmingham"/>
				<event id="40" time="11764444439" vehicle="Vehicle 3" pickup="2"/>
				<event id="41" time="12064444438" vehicle="Vehicle 3" move="Birmingham"/>
				<event id="42" time="12995555545" vehicle="Vehicle 1" move="Manchester"/>
				<event id="43" time="13342222215" vehicle="Vehicle 3" move="Sheffield"/>
				<event id="44" time="14049999989" vehicle="Vehicle 1" move="Liverpool"/>
				<event id="45" time="14344444436" vehicle="Vehicle 3" deliver="0"/>
				<event id="46" time="14435555544" vehicle="Vehicle 1" deliver="15"/>
				<event id="47" time="14644444436" vehicle="Vehicle 3" pickup="3"/>
				<event id="48" time="14735555544" vehicle="Vehicle 1" move="Manchester"/>
				<event id="49" time="14944444436" vehicle="Vehicle 3" move="Leeds"/>
				<event id="50" time="15121111099" vehicle="Vehicle 1" deliver="7"/>
				<event id="51" time="15403333324" vehicle="Vehicle 3" move="Newcastle"/>
				<event id="52" time="15421111099" vehicle="Vehicle 1" deliver="12"/>
				<event id="53" time="15721111099" vehicle="Vehicle 1" move="Birmingham"/>
				<event id="54" time="16497777767" vehicle="Vehicle 3" pickup="13"/>
				<event id="55" time="16775555542" vehicle="Vehicle 1" move="London"/>
				<event id="56" time="16797777767" vehicle="Vehicle 3" move="Leeds"/>
				<event id="57" time="17892222211" vehicle="Vehicle 3" move="Liverpool"/>
				<event id="58" time="18086666652" vehicle="Vehicle 1" move="Portsmouth"/>
				<event id="59" time="18697777765" vehicle="Vehicle 3" pickup="4"/>
				<event id="60" time="18917777763" vehicle="Vehicle 1" move="Plymouth"/>
				<event id="61" time="18997777765" vehicle="Vehicle 3" deliver="14"/>
				<event id="62" time="19297777764" vehicle="Vehicle 3" move="Manchester"/>
				<event id="63" time="19683333319" vehicle="Vehicle 3" deliver="13"/>
				<event id="64" time="19983333319" vehicle="Vehicle 3" deliver="2"/>
				<event id="65" time="20283333318" vehicle="Vehicle 3" pickup="1"/>
				<event id="66" time="20583333318" vehicle="Vehicle 3" move="Birmingham"/>
				<event id="67" time="20806666651" vehicle="Vehicle 1" deliver="9"/>
				<event id="68" time="21106666650" vehicle="Vehicle 1" pickup="18"/>
				<event id="69" time="21406666650" vehicle="Vehicle 1" deliver="22"/>
				<event id="70" time="21637777761" vehicle="Vehicle 3" move="London"/>
				<event id="71" time="21706666650" vehicle="Vehicle 1" move="Portsmouth"/>
				<event id="72" time="22948888871" vehicle="Vehicle 3" deliver="6"/>
				<event id="73" time="23248888870" vehicle="Vehicle 3" move="Norwich"/>
				<event id="74" time="23595555538" vehicle="Vehicle 1" move="London"/>
				<event id="75" time="24426666648" vehicle="Vehicle 1" move="Norwich"/>
				<event id="76" time="24526666647" vehicle="Vehicle 3" deliver="4"/>
				<event id="77" time="24826666647" vehicle="Vehicle 3" deliver="1"/>
				<event id="78" time="25126666646" vehicle="Vehicle 3" move="London"/>
				<event id="79" time="25704444425" vehicle="Vehicle 1" pickup="5"/>
				<event id="80" time="26004444424" vehicle="Vehicle 1" deliver="18"/>
				<event id="81" time="26304444424" vehicle="Vehicle 1" move="London"/>
				<event id="82" time="26404444423" vehicle="Vehicle 3" move="Portsmouth"/>
				<event id="83" time="27235555533" vehicle="Vehicle 3" deliver="3"/>
				<event id="84" time="27582222201" vehicle="Vehicle 1" deliver="5"/>
				<event id="85" time="27882222201" vehicle="Vehicle 1" move="Birmingham"/>
				<event id="86" time="29193333311" vehicle="Vehicle 1" move="Sheffield"/>
				<event id="87" time="30195555532" vehicle="Vehicle 1" deliver="11"/>
				<event id="88" time="30495555532" vehicle="Vehicle 1" move="Leeds"/>
				<event id="89" time="30954444420" vehicle="Vehicle 1" deliver="19"/>
				<event id="90" time="31254444419" vehicle="Vehicle 1" move="Newcastle"/>
				<event id="91" time="32348888862" vehicle="Vehicle 1" deliver="21"/>
			</events>
		</round>
	</rounds>
	<statistics>
		<stat rank="1" agent="auction-main-21">
			<total-tasks value="13"/>
			<total-distance value="1776.2"/>
			<total-cost value="8881"/>
			<total-reward value="13318"/>
			<total-profit value="4437"/>
		</stat>
		<stat rank="2" agent="auction-marginal">
			<total-tasks value="12"/>
			<total-distance value="2290.4"/>
			<total-cost value="11452"/>
			<total-reward value="8992"/>
			<total-profit value="-2460"/>
		</stat>
	</statistics>
</history>
