<?xml version="1.0" encoding="ISO-8859-1"?>

<history configuration="config\centralized.xml">
	<agents>
		<agent name="centralized-main">
			<vehicle name="Vehicle 1"/>
			<vehicle name="Vehicle 2"/>
			<vehicle name="Vehicle 3"/>
			<vehicle name="Vehicle 4"/>
		</agent>
	</agents>
	<rounds>
		<round id="1">
			<tasks>
				<task id="0" pickup="Cardiff" delivery="Portsmouth" weight="3" reward="51114"/>
				<task id="1" pickup="Birmingham" delivery="Manchester" weight="3" reward="89223"/>
				<task id="2" pickup="Cardiff" delivery="Norwich" weight="3" reward="43918"/>
				<task id="3" pickup="Manchester" delivery="London" weight="3" reward="68101"/>
				<task id="4" pickup="Norwich" delivery="Sheffield" weight="3" reward="48357"/>
				<task id="5" pickup="Leeds" delivery="Manchester" weight="3" reward="87021"/>
				<task id="6" pickup="London" delivery="Sheffield" weight="3" reward="68942"/>
				<task id="7" pickup="Newcastle" delivery="Norwich" weight="3" reward="23333"/>
				<task id="8" pickup="Cardiff" delivery="Sheffield" weight="3" reward="69479"/>
				<task id="9" pickup="Newcastle" delivery="Norwich" weight="3" reward="23333"/>
				<task id="10" pickup="Portsmouth" delivery="Manchester" weight="3" reward="54712"/>
				<task id="11" pickup="Newcastle" delivery="Norwich" weight="3" reward="23333"/>
				<task id="12" pickup="London" delivery="Liverpool" weight="3" reward="61890"/>
				<task id="13" pickup="Liverpool" delivery="Leeds" weight="3" reward="93232"/>
				<task id="14" pickup="Cardiff" delivery="Sheffield" weight="3" reward="69479"/>
				<task id="15" pickup="Manchester" delivery="Newcastle" weight="3" reward="69390"/>
				<task id="16" pickup="Newcastle" delivery="Birmingham" weight="3" reward="65040"/>
				<task id="17" pickup="Plymouth" delivery="Liverpool" weight="3" reward="18071"/>
				<task id="18" pickup="Manchester" delivery="Liverpool" weight="3" reward="99999"/>
				<task id="19" pickup="London" delivery="Liverpool" weight="3" reward="61890"/>
				<task id="20" pickup="Portsmouth" delivery="London" weight="3" reward="92821"/>
				<task id="21" pickup="London" delivery="Norwich" weight="3" reward="85625"/>
				<task id="22" pickup="Birmingham" delivery="Liverpool" weight="3" reward="83012"/>
				<task id="23" pickup="Birmingham" delivery="London" weight="3" reward="85088"/>
				<task id="24" pickup="Newcastle" delivery="Liverpool" weight="3" reward="75601"/>
				<task id="25" pickup="Manchester" delivery="Plymouth" weight="3" reward="24282"/>
				<task id="26" pickup="London" delivery="Liverpool" weight="3" reward="61890"/>
				<task id="27" pickup="Norwich" delivery="Leeds" weight="3" reward="40965"/>
				<task id="28" pickup="Plymouth" delivery="Birmingham" weight="3" reward="41269"/>
				<task id="29" pickup="Newcastle" delivery="Norwich" weight="3" reward="23333"/>
			</tasks>
			<events>
				<event id="0" time="0" vehicle="Vehicle 1" pickup="11"/>
				<event id="1" time="299999993" vehicle="Vehicle 1" pickup="16"/>
				<event id="2" time="599999976" vehicle="Vehicle 1" pickup="9"/>
				<event id="3" time="899999955" vehicle="Vehicle 1" pickup="24"/>
				<event id="4" time="1199999935" vehicle="Vehicle 1" move="Leeds"/>
				<event id="5" time="2294444308" vehicle="Vehicle 1" move="Sheffield"/>
				<event id="6" time="2753333171" vehicle="Vehicle 1" move="Birmingham"/>
				<event id="7" time="3755555328" vehicle="Vehicle 1" pickup="1"/>
				<event id="8" time="4055555311" vehicle="Vehicle 1" deliver="16"/>
				<event id="9" time="4355555292" vehicle="Vehicle 1" move="Manchester"/>
				<event id="10" time="5409999659" vehicle="Vehicle 1" deliver="1"/>
				<event id="11" time="5709999635" vehicle="Vehicle 1" pickup="3"/>
				<event id="12" time="6009999615" vehicle="Vehicle 1" move="Birmingham"/>
				<event id="13" time="7064443990" vehicle="Vehicle 1" move="Cardiff"/>
				<event id="14" time="8342221682" vehicle="Vehicle 1" pickup="8"/>
				<event id="15" time="8642221666" vehicle="Vehicle 1" pickup="2"/>
				<event id="16" time="8942221649" vehicle="Vehicle 1" pickup="0"/>
				<event id="17" time="9242221627" vehicle="Vehicle 1" move="Birmingham"/>
				<event id="18" time="10519999326" vehicle="Vehicle 1" move="London"/>
				<event id="19" time="11831110356" vehicle="Vehicle 1" pickup="21"/>
				<event id="20" time="12131110340" vehicle="Vehicle 1" pickup="19"/>
				<event id="21" time="12431110322" vehicle="Vehicle 1" deliver="3"/>
				<event id="22" time="12731110301" vehicle="Vehicle 1" pickup="6"/>
				<event id="23" time="13031110279" vehicle="Vehicle 1" pickup="12"/>
				<event id="24" time="13331110259" vehicle="Vehicle 1" move="Norwich"/>
				<event id="25" time="14608887954" vehicle="Vehicle 1" deliver="21"/>
				<event id="26" time="14908887932" vehicle="Vehicle 1" deliver="11"/>
				<event id="27" time="15208887915" vehicle="Vehicle 1" pickup="27"/>
				<event id="28" time="15508887897" vehicle="Vehicle 1" deliver="9"/>
				<event id="29" time="15808887879" vehicle="Vehicle 1" pickup="4"/>
				<event id="30" time="16108887859" vehicle="Vehicle 1" deliver="2"/>
				<event id="31" time="16408887840" vehicle="Vehicle 1" move="London"/>
				<event id="32" time="17686665543" vehicle="Vehicle 1" move="Birmingham"/>
				<event id="33" time="18997776566" vehicle="Vehicle 1" move="Sheffield"/>
				<event id="34" time="19999998725" vehicle="Vehicle 1" deliver="6"/>
				<event id="35" time="20299998705" vehicle="Vehicle 1" deliver="8"/>
				<event id="36" time="20599998681" vehicle="Vehicle 1" deliver="4"/>
				<event id="37" time="20899998666" vehicle="Vehicle 1" move="Leeds"/>
				<event id="38" time="21358887523" vehicle="Vehicle 1" deliver="27"/>
				<event id="39" time="21658887502" vehicle="Vehicle 1" pickup="5"/>
				<event id="40" time="21958887484" vehicle="Vehicle 1" move="Liverpool"/>
				<event id="41" time="22764442990" vehicle="Vehicle 1" pickup="13"/>
				<event id="42" time="23064442972" vehicle="Vehicle 1" deliver="19"/>
				<event id="43" time="23364442953" vehicle="Vehicle 1" deliver="24"/>
				<event id="44" time="23664442931" vehicle="Vehicle 1" deliver="12"/>
				<event id="45" time="23964442912" vehicle="Vehicle 1" move="Manchester"/>
				<event id="46" time="24349998445" vehicle="Vehicle 1" deliver="5"/>
				<event id="47" time="24649998425" vehicle="Vehicle 1" move="Birmingham"/>
				<event id="48" time="25704442806" vehicle="Vehicle 1" move="London"/>
				<event id="49" time="27015553836" vehicle="Vehicle 1" move="Portsmouth"/>
				<event id="50" time="27846664898" vehicle="Vehicle 1" pickup="20"/>
				<event id="51" time="28146664882" vehicle="Vehicle 1" pickup="10"/>
				<event id="52" time="28446664870" vehicle="Vehicle 1" move="London"/>
				<event id="53" time="29277775932" vehicle="Vehicle 1" deliver="20"/>
				<event id="54" time="29577775912" vehicle="Vehicle 1" move="Birmingham"/>
				<event id="55" time="30888886933" vehicle="Vehicle 1" move="Manchester"/>
				<event id="56" time="31943331308" vehicle="Vehicle 1" deliver="10"/>
				<event id="57" time="32243331289" vehicle="Vehicle 1" move="Birmingham"/>
				<event id="58" time="33297775673" vehicle="Vehicle 1" move="London"/>
				<event id="59" time="34608886721" vehicle="Vehicle 1" move="Portsmouth"/>
				<event id="60" time="35439997778" vehicle="Vehicle 1" deliver="0"/>
				<event id="61" time="35739997757" vehicle="Vehicle 1" move="London"/>
				<event id="62" time="36571108816" vehicle="Vehicle 1" move="Birmingham"/>
				<event id="63" time="37882219836" vehicle="Vehicle 1" move="Sheffield"/>
				<event id="64" time="38884441997" vehicle="Vehicle 1" move="Leeds"/>
				<event id="65" time="39343330858" vehicle="Vehicle 1" deliver="13"/>
				<event id="66" time="39643330838" vehicle="Vehicle 1" move="Newcastle"/>
				<event id="67" time="40737775210" vehicle="Vehicle 1" pickup="7"/>
				<event id="68" time="41037775187" vehicle="Vehicle 1" move="Leeds"/>
				<event id="69" time="42132219557" vehicle="Vehicle 1" move="Sheffield"/>
				<event id="70" time="42591108416" vehicle="Vehicle 1" move="Birmingham"/>
				<event id="71" time="43593330571" vehicle="Vehicle 1" move="London"/>
				<event id="72" time="44904441594" vehicle="Vehicle 1" move="Norwich"/>
				<event id="73" time="46182219291" vehicle="Vehicle 1" deliver="7"/>
				<event id="74" time="46482219272" vehicle="Vehicle 1" move="London"/>
				<event id="75" time="47759996963" vehicle="Vehicle 1" move="Birmingham"/>
				<event id="76" time="49071108001" vehicle="Vehicle 1" pickup="23"/>
				<event id="77" time="49371107983" vehicle="Vehicle 1" move="Cardiff"/>
				<event id="78" time="50648885676" vehicle="Vehicle 1" pickup="14"/>
				<event id="79" time="50948885654" vehicle="Vehicle 1" move="Birmingham"/>
				<event id="80" time="52226663352" vehicle="Vehicle 1" move="Sheffield"/>
				<event id="81" time="53228885502" vehicle="Vehicle 1" deliver="14"/>
				<event id="82" time="53528885481" vehicle="Vehicle 1" move="Leeds"/>
				<event id="83" time="53987774339" vehicle="Vehicle 1" move="Liverpool"/>
				<event id="84" time="54793329843" vehicle="Vehicle 1" move="Manchester"/>
				<event id="85" time="55178885370" vehicle="Vehicle 1" pickup="15"/>
				<event id="86" time="55478885351" vehicle="Vehicle 1" move="Liverpool"/>
				<event id="87" time="55864440881" vehicle="Vehicle 1" move="Leeds"/>
				<event id="88" time="56669996387" vehicle="Vehicle 1" move="Newcastle"/>
				<event id="89" time="57764440756" vehicle="Vehicle 1" deliver="15"/>
				<event id="90" time="58064440738" vehicle="Vehicle 1" move="Leeds"/>
				<event id="91" time="59158885118" vehicle="Vehicle 1" move="Liverpool"/>
				<event id="92" time="59964440623" vehicle="Vehicle 1" move="Manchester"/>
				<event id="93" time="60349996154" vehicle="Vehicle 1" pickup="18"/>
				<event id="94" time="60649996131" vehicle="Vehicle 1" move="Liverpool"/>
				<event id="95" time="61035551658" vehicle="Vehicle 1" deliver="18"/>
				<event id="96" time="61335551634" vehicle="Vehicle 1" move="Manchester"/>
				<event id="97" time="61721107165" vehicle="Vehicle 1" move="Birmingham"/>
				<event id="98" time="62775551540" vehicle="Vehicle 1" pickup="22"/>
				<event id="99" time="63075551517" vehicle="Vehicle 1" move="Manchester"/>
				<event id="100" time="64129995889" vehicle="Vehicle 1" move="Liverpool"/>
				<event id="101" time="64515551419" vehicle="Vehicle 1" deliver="22"/>
				<event id="102" time="64815551396" vehicle="Vehicle 1" move="Manchester"/>
				<event id="103" time="65201106926" vehicle="Vehicle 1" pickup="25"/>
				<event id="104" time="65501106909" vehicle="Vehicle 1" move="Birmingham"/>
				<event id="105" time="66555551280" vehicle="Vehicle 1" move="London"/>
				<event id="106" time="67866662306" vehicle="Vehicle 1" move="Portsmouth"/>
				<event id="107" time="68697773364" vehicle="Vehicle 1" move="Plymouth"/>
				<event id="108" time="70586662125" vehicle="Vehicle 1" pickup="28"/>
				<event id="109" time="70886662101" vehicle="Vehicle 1" pickup="17"/>
				<event id="110" time="71186662081" vehicle="Vehicle 1" deliver="25"/>
				<event id="111" time="71486662059" vehicle="Vehicle 1" move="Portsmouth"/>
				<event id="112" time="73375550826" vehicle="Vehicle 1" move="London"/>
				<event id="113" time="74206661879" vehicle="Vehicle 1" pickup="26"/>
				<event id="114" time="74506661854" vehicle="Vehicle 1" move="Birmingham"/>
				<event id="115" time="75817772877" vehicle="Vehicle 1" deliver="28"/>
				<event id="116" time="76117772859" vehicle="Vehicle 1" move="Manchester"/>
				<event id="117" time="77172217231" vehicle="Vehicle 1" move="Liverpool"/>
				<event id="118" time="77557772762" vehicle="Vehicle 1" deliver="17"/>
				<event id="119" time="77857772741" vehicle="Vehicle 1" deliver="26"/>
				<event id="120" time="78157772719" vehicle="Vehicle 1" move="Manchester"/>
				<event id="121" time="78543328251" vehicle="Vehicle 1" move="Birmingham"/>
				<event id="122" time="79597772629" vehicle="Vehicle 1" move="London"/>
				<event id="123" time="80908883655" vehicle="Vehicle 1" deliver="23"/>
				<event id="124" time="81208883636" vehicle="Vehicle 1" move="Birmingham"/>
				<event id="125" time="82519994662" vehicle="Vehicle 1" move="Sheffield"/>
				<event id="126" time="83522216816" vehicle="Vehicle 1" move="Leeds"/>
				<event id="127" time="83981105675" vehicle="Vehicle 1" move="Newcastle"/>
				<event id="128" time="85075550056" vehicle="Vehicle 1" pickup="29"/>
				<event id="129" time="85375550035" vehicle="Vehicle 1" move="Leeds"/>
				<event id="130" time="86469994411" vehicle="Vehicle 1" move="Sheffield"/>
				<event id="131" time="86928883267" vehicle="Vehicle 1" move="Birmingham"/>
				<event id="132" time="87931105425" vehicle="Vehicle 1" move="London"/>
			</events>
		</round>
	</rounds>
	<statistics>
		<stat rank="1" agent="centralized-main">
			<total-tasks value="30"/>
			<total-distance value="6438.8"/>
			<total-cost value="32194"/>
			<total-reward value="1780410"/>
			<total-profit value="1748216"/>
		</stat>
	</statistics>
</history>
